MP, Debt collection, 885837, Cont'd attempts collect debt not owed, 
MP, Debt collection, 885836, Cont'd attempts collect debt not owed, 
MP, Credit reporting, 738704, Incorrect information on credit report, 
MP, Credit card, 738703, Payoff process, 
MP, Credit reporting, 738706, Incorrect information on credit report, 
MP, Credit reporting, 738705, Incorrect information on credit report, 
MP, Credit reporting, 569820, Incorrect information on credit report, 
MP, Credit card, 347128, Billing disputes, 
MP, Student loan, 278681, Repaying your loan, 
MP, Credit card, 108698, Identity theft / Fraud / Embezzlement, 
MP, Bank account or service, 41623, Deposits and withdrawals, 
