Navy FCU, In progress, 1112147, Consumer loan, 
Navy FCU, In progress, 1111551, Credit card, 
Navy FCU, In progress, 1111721, Credit card, 
Navy FCU, In progress, 1108888, Credit card, 
Navy FCU, In progress, 1108389, Bank account or service, 
Navy FCU, In progress, 1105465, Consumer loan, 
Navy FCU, In progress, 1106802, Mortgage, 
Navy FCU, In progress, 1105481, Bank account or service, 
Navy FCU, In progress, 1103882, Bank account or service, 
Navy FCU, In progress, 1103968, Credit reporting, 
Navy FCU, In progress, 1101773, Consumer loan, 
Navy FCU, In progress, 1099095, Bank account or service, 
Navy FCU, In progress, 1098624, Bank account or service, 
Navy FCU, In progress, 1097501, Credit card, 
Navy FCU, In progress, 1097259, Mortgage, 
