Ocwen, Closed with explanation, 1111271, Mortgage, 
Ocwen, Closed with explanation, 1111282, Mortgage, 
Ocwen, Closed with explanation, 1108117, Mortgage, 
Ocwen, Closed with monetary relief, 1106845, Mortgage, 
Ocwen, Closed with explanation, 1106129, Mortgage, 
Ocwen, Closed with explanation, 1106785, Mortgage, 
Ocwen, Closed with explanation, 1106294, Mortgage, 
Ocwen, Closed with explanation, 1103218, Mortgage, 
Ocwen, Closed with explanation, 1101015, Mortgage, 
Ocwen, Closed with explanation, 1100903, Mortgage, 
Ocwen, Closed with explanation, 1099937, Mortgage, 
Ocwen, Closed with non-monetary relief, 1101272, Mortgage, 
Ocwen, Closed with explanation, 1101374, Mortgage, 
Ocwen, Closed with explanation, 1101368, Mortgage, 
Ocwen, Closed with explanation, 1100328, Mortgage, 
Ocwen, Closed with explanation, 1098318, Mortgage, 
Ocwen, Closed with non-monetary relief, 1099918, Mortgage, 
Ocwen, Closed with explanation, 1097670, Mortgage, 
Ocwen, Closed with explanation, 1097549, Mortgage, 
Ocwen, Closed with explanation, 1098657, Mortgage, 
Ocwen, Closed with explanation, 1097689, Mortgage, 
Ocwen, Closed with explanation, 1095332, Mortgage, 
Ocwen, Closed with explanation, 1096497, Mortgage, 
Ocwen, Closed, 1097184, Bank account or service, 
