Ally Financial Inc., In progress, 1114124, Consumer loan, 
Ally Financial Inc., In progress, 1112443, Consumer loan, 
Ally Financial Inc., In progress, 1110627, Consumer loan, 
Ally Financial Inc., In progress, 1110166, Consumer loan, 
Ally Financial Inc., In progress, 1109177, Consumer loan, 
Ally Financial Inc., In progress, 1107082, Consumer loan, 
Ally Financial Inc., In progress, 1101273, Consumer loan, 
Ally Financial Inc., In progress, 1100927, Consumer loan, 
Ally Financial Inc., In progress, 1101005, Bank account or service, 
Ally Financial Inc., In progress, 1100538, Consumer loan, 
Ally Financial Inc., In progress, 1101619, Bank account or service, 
Ally Financial Inc., In progress, 1098607, Consumer loan, 
Ally Financial Inc., In progress, 1097587, Consumer loan, 
Ally Financial Inc., In progress, 1097211, Consumer loan, 
