"Enhanced Recovery Company,  LLC", Closed with non-monetary relief, 1112618, Debt collection, 
"Enhanced Recovery Company,  LLC", Closed with non-monetary relief, 1110381, Debt collection, 
"Enhanced Recovery Company,  LLC", Closed with non-monetary relief, 1109207, Debt collection, 
"Enhanced Recovery Company,  LLC", Closed with non-monetary relief, 1109114, Debt collection, 
"Enhanced Recovery Company,  LLC", Closed with non-monetary relief, 1108789, Debt collection, 
"Enhanced Recovery Company,  LLC", Closed with non-monetary relief, 1106855, Debt collection, 
"Enhanced Recovery Company,  LLC", Closed with non-monetary relief, 1108155, Debt collection, 
"Enhanced Recovery Company,  LLC", Closed with non-monetary relief, 1105158, Debt collection, 
"Enhanced Recovery Company,  LLC", Closed with non-monetary relief, 1106132, Debt collection, 
"Enhanced Recovery Company,  LLC", Closed with non-monetary relief, 1106692, Debt collection, 
"Enhanced Recovery Company,  LLC", Closed with non-monetary relief, 1103836, Debt collection, 
"Enhanced Recovery Company,  LLC", Closed with non-monetary relief, 1100453, Debt collection, 
"Enhanced Recovery Company,  LLC", Closed with non-monetary relief, 1098252, Debt collection, 
"Enhanced Recovery Company,  LLC", Closed with non-monetary relief, 1098237, Debt collection, 
"Enhanced Recovery Company,  LLC", Closed with non-monetary relief, 1097665, Debt collection, 
"Enhanced Recovery Company,  LLC", Closed with non-monetary relief, 1097345, Debt collection, 
"Enhanced Recovery Company,  LLC", Closed with non-monetary relief, 1097343, Debt collection, 
"Enhanced Recovery Company,  LLC", Closed with non-monetary relief, 1097219, Debt collection, 
"Enhanced Recovery Company,  LLC", Closed with non-monetary relief, 1096344, Debt collection, 
